{
  "custom.dodrop":  {"sounds":  ["custom/dodrop"]},
  "custom.dofull":  {"sounds":  ["custom/dofull"]},
  "custom.dogame":  {"sounds":  ["custom/dogame"]},
  "custom.dojump":  {"sounds":  ["custom/dojump"]},
  "custom.domaze":  {"sounds":  ["custom/domaze"]},
  "custom.domine":  {"sounds":  ["custom/domine"]},
  "custom.dosos":  {"sounds":  ["custom/dosos"]},
  "custom.gamefox":  {"sounds":  ["custom/gamefox"]},
  "custom.gamehide":  {"sounds":  ["custom/gamehide"]},
  "custom.gamelose":  {"sounds":  ["custom/gamelose"]},
  "custom.gamepo":  {"sounds":  ["custom/gamepo"]},
  "custom.gamerun":  {"sounds":  ["custom/gamerun"]},
  "custom.gametag":  {"sounds":  ["custom/gametag"]},
  "custom.gamewin":  {"sounds":  ["custom/gamewin"]},
  "custom.random":  {"sounds":  ["custom/random"]},
  "custom.welcome":  {"sounds":  ["custom/welcome"]},
  "custom.do":  {"sounds":  ["custom/do"]},
  "ttrm.1":  {"sounds":  ["ttrm/1"]}
}
