{
	"credit": "Made with Blockbench",
	"texture_size": [128, 128],
	"textures": {
		"0": "modelengine:entity/tiki_totem_rocktoss",
		"particle": "F:/LITTLE_ROOM/PROJECT/tikitotem/tiki_totem_rocktoss"
	},
	"elements": [
		{
			"from": [0, -8.875, -2.5],
			"to": [17, 4.125, 18.5],
			"rotation": {"angle": 0, "axis": "y", "origin": [3, -6.875, -1.5]},
			"faces": {
				"north": {"uv": [0, 10.375, 2.125, 12], "texture": "#0"},
				"east": {"uv": [5.25, 10.375, 7.875, 12], "texture": "#0"},
				"south": {"uv": [10.5, 10.5, 12.625, 12.125], "texture": "#0"},
				"west": {"uv": [7.875, 10.5, 10.5, 12.125], "texture": "#0"},
				"up": {"uv": [7.875, 10.375, 5.75, 7.75], "texture": "#0"},
				"down": {"uv": [10, 7.75, 7.875, 10.375], "texture": "#0"}
			}
		},
		{
			"from": [-6, 0.125, -8.5],
			"to": [13, 18.125, 13.5],
			"rotation": {"angle": 0, "axis": "y", "origin": [3, -6.875, -1.5]},
			"faces": {
				"north": {"uv": [0, 8.125, 2.375, 10.375], "texture": "#0"},
				"east": {"uv": [5.75, 5.5, 8.5, 7.75], "texture": "#0"},
				"south": {"uv": [8.5, 3.75, 10.875, 6], "texture": "#0"},
				"west": {"uv": [0, 5.875, 2.75, 8.125], "texture": "#0"},
				"up": {"uv": [8.125, 2.75, 5.75, 0], "texture": "#0"},
				"down": {"uv": [8.125, 2.75, 5.75, 5.5], "texture": "#0"}
			}
		},
		{
			"from": [-3, -3.875, 0.5],
			"to": [20, 8.125, 23.5],
			"rotation": {"angle": 0, "axis": "y", "origin": [3, -6.875, -1.5]},
			"faces": {
				"north": {"uv": [8.5, 6, 11.375, 7.5], "texture": "#0"},
				"east": {"uv": [2.375, 9.625, 5.25, 11.125], "texture": "#0"},
				"south": {"uv": [10, 7.5, 12.875, 9], "texture": "#0"},
				"west": {"uv": [10, 9, 12.875, 10.5], "texture": "#0"},
				"up": {"uv": [2.875, 5.875, 0, 3], "texture": "#0"},
				"down": {"uv": [5.75, 3, 2.875, 5.875], "texture": "#0"}
			}
		},
		{
			"from": [0, -0.875, -4.5],
			"to": [23, 14.125, 19.5],
			"rotation": {"angle": 0, "axis": "y", "origin": [3, -6.875, -1.5]},
			"faces": {
				"north": {"uv": [8.125, 0, 11, 1.875], "texture": "#0"},
				"east": {"uv": [2.75, 5.875, 5.75, 7.75], "texture": "#0"},
				"south": {"uv": [8.125, 1.875, 11, 3.75], "texture": "#0"},
				"west": {"uv": [2.75, 7.75, 5.75, 9.625], "texture": "#0"},
				"up": {"uv": [2.875, 3, 0, 0], "texture": "#0"},
				"down": {"uv": [5.75, 0, 2.875, 3], "texture": "#0"}
			}
		}
	],
	"display": {
		"head": {
			"scale": [2, 2, 2]
		}
	},
	"groups": [
		{
			"name": "base",
			"origin": [-1, 5.875, 1.5],
			"color": 0,
			"children": [0, 1, 2, 3]
		}
	]
}