{
    "dance_music": {
        "sounds": [
            "littleroom_krampus:dance_music"
        ]
    },
    "death_land": {
        "sounds": [
            "littleroom_krampus:death_land"
        ]
    },
    "fire_sweep": {
        "sounds": [
            "littleroom_krampus:fire_sweep_1",
            "littleroom_krampus:fire_sweep_2",
            "littleroom_krampus:fire_sweep_3"
        ]
    },
    "grabbed": {
        "sounds": [
            "littleroom_krampus:grabbed"
        ]
    },
    "grunt": {
        "sounds": [
            "littleroom_krampus:grunt_1",
            "littleroom_krampus:grunt_2",
            "littleroom_krampus:grunt_3",
            "littleroom_krampus:grunt_4",
            "littleroom_krampus:grunt_5",
            "littleroom_krampus:grunt_6"
        ]
    },
    "hit": {
        "sounds": [
            "littleroom_krampus:hit_1",
            "littleroom_krampus:hit_2",
            "littleroom_krampus:hit_3",
            "littleroom_krampus:hit_4"
        ]
    },
    "leap": {
        "sounds": [
            "littleroom_krampus:leap"
        ]
    },
    "leap_land": {
        "sounds": [
            "littleroom_krampus:leap_land"
        ]
    },
    "rage": {
        "sounds": [
            "littleroom_krampus:rage1",
            "littleroom_krampus:rage1"
        ]
    },
    "start_fire_pillars": {
        "sounds": [
            "littleroom_krampus:start_fire_pillars"
        ]
    },
    "swing": {
        "sounds": [
            "littleroom_krampus:swing_1",
            "littleroom_krampus:swing_2"
        ]
    },
    "teleport": {
        "sounds": [
            "littleroom_krampus:teleport_1",
            "littleroom_krampus:teleport_2"
        ]
    },
    "laugh": {
        "sounds": [
            "littleroom_krampus:laugh"
        ]
    }
}