{
   "littleroom.tikitotem.flame_thrower":{
		 "sounds": [
			"littleroom/tikitotem/flame_thrower"
		 ]
	},
   "littleroom.tikitotem.ground_rumble":{
		 "sounds": [
			"littleroom/tikitotem/ground_rumble"
		 ]
	},
   "littleroom.tikitotem.inhale":{
		 "sounds": [
			"littleroom/tikitotem/inhale"
		 ]
	},
   "littleroom.tikitotem.rock_impact1":{
		 "sounds": [
			"littleroom/tikitotem/rock_impact1"
		 ]
	},
   "littleroom.tikitotem.rock_impact2":{
		 "sounds": [
			"littleroom/tikitotem/rock_impact2"
		 ]
	},
   "littleroom.tikitotem.rock_impact3":{
		 "sounds": [
			"littleroom/tikitotem/rock_impact3"
		 ]
	},
   "littleroom.tikitotem.rock_impact4":{
		 "sounds": [
			"littleroom/tikitotem/rock_impact4"
		 ]
	},
   "littleroom.tikitotem.rock_impact5":{
		 "sounds": [
			"littleroom/tikitotem/rock_impact5"
		 ]
	},
   "littleroom.tikitotem.rock_impact6":{
		 "sounds": [
			"littleroom/tikitotem/rock_impact6"
		 ]
	},
   "littleroom.tikitotem.rock_impact7":{
		 "sounds": [
			"littleroom/tikitotem/rock_impact7"
		 ]
	},
   "littleroom.tikitotem.summon_storm":{
		 "sounds": [
			"littleroom/tikitotem/summon_storm"
		 ]
	},
   "littleroom.tikitotem.totem_awaken":{
		 "sounds": [
			"littleroom/tikitotem/totem_awaken"
		 ]
	},
   "littleroom.tikitotem.split":{
		 "sounds": [
			"littleroom/tikitotem/split"
		 ]
	},
   "littleroom.tikitotem.impact1":{
		 "sounds": [
			"littleroom/tikitotem/impact1"
		 ]
	},
   "littleroom.tikitotem.impact2":{
		 "sounds": [
			"littleroom/tikitotem/impact2"
		 ]
	},
   "littleroom.tikitotem.impact3":{
		 "sounds": [
			"littleroom/tikitotem/impact3"
		 ]
	},
   "littleroom.tikitotem.impact4":{
		 "sounds": [
			"littleroom/tikitotem/impact4"
		 ]
	},
   "littleroom.tikitotem.swing1":{
		 "sounds": [
			"littleroom/tikitotem/swing1"
		 ]
	},
   "littleroom.tikitotem.swing2":{
		 "sounds": [
			"littleroom/tikitotem/swing2"
		 ]
	},
   "littleroom.tikitotem.swing3":{
		 "sounds": [
			"littleroom/tikitotem/swing3"
		 ]
	},
   "littleroom.tikitotem.swing4":{
		 "sounds": [
			"littleroom/tikitotem/swing4"
		 ]
	},
   "littleroom.tikitotem.swing5":{
		 "sounds": [
			"littleroom/tikitotem/swing5"
		 ]
	},
   "littleroom.tikitotem.vocal01":{
		 "sounds": [
			"littleroom/tikitotem/vocal01"
		 ]
	},
   "littleroom.tikitotem.vocal02":{
		 "sounds": [
			"littleroom/tikitotem/vocal02"
		 ]
	},
   "littleroom.tikitotem.vocal03":{
		 "sounds": [
			"littleroom/tikitotem/vocal03"
		 ]
	},
   "littleroom.tikitotem.vocal04":{
		 "sounds": [
			"littleroom/tikitotem/vocal04"
		 ]
	},
   "littleroom.tikitotem.vocal05":{
		 "sounds": [
			"littleroom/tikitotem/vocal05"
		 ]
	},
   "littleroom.tikitotem.vocal06":{
		 "sounds": [
			"littleroom/tikitotem/vocal06"
		 ]
	},
   "littleroom.tikitotem.vocal07":{
		 "sounds": [
			"littleroom/tikitotem/vocal07"
		 ]
	},
   "littleroom.tikitotem.vocal08":{
		 "sounds": [
			"littleroom/tikitotem/vocal08"
		 ]
	},
   "littleroom.tikitotem.vocal09":{
		 "sounds": [
			"littleroom/tikitotem/vocal09"
		 ]
	},
   "littleroom.tikitotem.vocal10":{
		 "sounds": [
			"littleroom/tikitotem/vocal10"
		 ]
	},
   "littleroom.tikitotem.vocal11":{
		 "sounds": [
			"littleroom/tikitotem/vocal11"
		 ]
	},
   "littleroom.tikitotem.vocal12":{
		 "sounds": [
			"littleroom/tikitotem/vocal12"
		 ]
	},
   "littleroom.tikitotem.vocal13":{
		 "sounds": [
			"littleroom/tikitotem/vocal13"
		 ]
	},
   "littleroom.tikitotem.vocal14":{
		 "sounds": [
			"littleroom/tikitotem/vocal14"
		 ]
	},
   "littleroom.tikitotem.vocal15":{
		 "sounds": [
			"littleroom/tikitotem/vocal15"
		 ]
	},
   "littleroom.tikitotem.vocal16":{
		 "sounds": [
			"littleroom/tikitotem/vocal16"
		 ]
	},
   "littleroom.tikitotem.vocal17":{
		 "sounds": [
			"littleroom/tikitotem/vocal17"
		 ]
	},
   "littleroom.tikitotem.totem_rotate":{
		 "sounds": [
			"littleroom/tikitotem/totem_rotate"
		 ]
	},
   "littleroom.tikitotem.totem_death":{
		 "sounds": [
			"littleroom/tikitotem/totem_death"
		 ]
	}
}
